scale,positive_expressivity,negative_expressivity,attending_to_emotions,emotion_based_decision_making,responsive_joy,responsive_distress,empathic_concern
positive_expressivity,1,0.44137524367535996,0.4267975771708615,0.3823273712305801,0.5820206753394797,0.4046770093392753,0.35320841809832293
negative_expressivity,0.44137524367535996,0.9999999999999998,0.3637350806195301,0.21038241649138933,0.28569533325797725,0.33514044144475374,0.12904726355763335
attending_to_emotions,0.4267975771708615,0.3637350806195301,1,0.3916316719358889,0.2835886035029028,0.3992239173923538,0.3289718917059811
emotion_based_decision_making,0.3823273712305801,0.21038241649138933,0.3916316719358889,1,0.27790172986297895,0.35329259369995375,0.31772171669478894
responsive_joy,0.5820206753394797,0.28569533325797725,0.2835886035029028,0.27790172986297895,0.9999999999999999,0.3985109445054383,0.3712274793869701
responsive_distress,0.4046770093392753,0.33514044144475374,0.3992239173923538,0.35329259369995375,0.3985109445054383,0.9999999999999999,0.43438118958164956
empathic_concern,0.35320841809832293,0.12904726355763335,0.3289718917059811,0.31772171669478894,0.3712274793869701,0.43438118958164956,1
