scale,n,items,alpha,omega_total,mean_interitem_r
positive_expressivity,524,9,0.8138975220948175,0.8239680309760896,0.33418393775385397
negative_expressivity,524,10,0.7544566552288857,0.7596498863941569,0.2366005604280252
attending_to_emotions,524,10,0.826464567651017,0.8306740303386254,0.3203330256190583
emotion_based_decision_making,524,9,0.726378328301347,0.7331425384664539,0.23046372502976842
responsive_joy,524,10,0.7422453370606904,0.7623705912986826,0.23708046187392415
responsive_distress,524,10,0.6820464312570186,0.6838157754648256,0.17415957138155036
empathic_concern,524,10,0.7454908953143686,0.7578172666635595,0.23376203022732747
